Datum	Zeit	EC vorne	EC hinten	pH vorne	pH hinten	O2	Bemerkung
31.08.2026				7.49	7.19		
31.08.2026							RV: 1kg ZS + RH: 1kg ZS
31.08.2026				6.57	6.10		
31.08.2026				6.74	6.61		
01.09.2026				7.14	7.24		
01.09.2026							RV: 0.5kg ZS
01.09.2026				6.79			
01.09.2026							RV: 0.5kg ZS
01.09.2026				6.53			
02.09.2026				6.92			
09.09.2026	09.00			7.54	7.65	0.2	
09.09.2026	09.05						RH: 1kg ZS
09.09.2026	10.20			7.56	6.42		
09.09.2026	10.25						RV: 1kg ZS
09.09.2026	11.45			6.62	6.87		
09.09.2026	14.30			6.75	7.00		
09.09.2026	16.00			6.95	7.00		
09.09.2026	16.05						RH: 1kg ZS
09.09.2026	17.15			6.95	6.30		
10.09.2026	07.45			7.14	6.50		Geruch nach faulen Eiern. Wasser abgepumpt, Tanks neu gefüllt
