pH/EC Reservoir							EC Wurzeln				
Datum	EC vorne	EC hinten	pH vorne	pH hinten	O2	Bemerkung	Datum	Satz	EC 1 Wurzel	EC 2 Wurzel	EC 3 Wurzel
											
30.04.2026	0,87	0,85	8,11	8,02							
05.05.2026	0,62	0,64	8	7,97		über Wochenende Wasser ohne Dünger zudosiert ca 3000l					
06.05.2026	0,94	0,9	6,53	6,41		nach Säurezugabe (ca. 3l je Reservoir) und Düngerzugabe (3kg Epsotop + 5l Biovin je Reservoir)					
07.05.2026	0,98	0,91	6,72	6,58							
12.05.2026	0,9	0,91	7,24	7,26							
19.05.2026	0,83	0,82	6,68	6,71		danach, am 20.5. 15'000l (je Reservoir ca. 7500l) mit 0,1% Dünger Biovin zudosiert (15l) 					
21.05.2026	0,73	0,74	7,26	6,94		danach je Reservoir 2kg Epsotop zugegeben.					
26.05.2026	0,78	0,79	7,64	7,63		danach im vorderen Reservoir 10l Dünger zudosiert (aus vershen mit 0,2%), danach zusätzlich 3kg Epsotop (wird etwas zu hoch sein)					
02.06.2026	0,7		7,02			vor der Messung wurde das hintere Reservoir ins vordere gepumpt, weil eine Reperatur am Ventil gemacht werden muss, hinteres Reservoir ist deshalb zurzeit leer					
08.06.2026	0,82		7,67			hinteres Reservoir immer noch leer	08.06.2026	19-434	1,8	1,63	1,55
							08.06.2026	20-207	1	1,08	1,06
							08.06.2026	21-311	1	1,35	1,04
10.06.	0,96	1	7,52	7,38							
17,06	0,96	1,01	8,2	8,12							
25,06	0,78	0,8	8	8,05							
2,7	0,61	0,64	7,73	7,93							
9.7.	0,58	0,58	7,61	7,65							
14.7.	0,5	0,56	7,77	7,81		Dünger leer, neue Lieferung am 15.7. geplant					
21,07			8,03	7,86		Morgens, vor PS					
21,07	0,68	0,73	6,55	6,67		Abends, nach PS (vorne 2100ml tot., hinten 2100ml tot.)					
27.07.	0,59	0,58	7,41	7,29							
28.07.	0,59	0,59	7,27	7,23		+ 10000l BioV-Wasser + 3kg ET					
30.7.						+ 10000l BioV-Wasser + 3kg ET					
						+ 10000l BioV-Wasser + 3kg ET					
4.8.						+ 3000l BioV-Wasser + 1kg ET					
6.8.	0,86	0,82	7,8	7,81		EC + pH-Gerät neu kalbriert! (war sehr falsch)					
6.8.						Zugabe 1l Haldes PE in Reservoir vorne					
7.8.	0,79	0,72	8,11	7,77							
7.8.			6,76			Zugabe 1.7l P-Säure --> alles nach hinten gepumpt					
7.8.	0,77	0,73	7,07	6,87		Reservoir vorne: 8000l BioV-Wasser + 2.5kg ET + 900ml Halades PE					
12,8	0,7	0,69	7,49	7,44							
13.08.			6,33	6,3		+ 10000l BioV-Wasser + 5kg EPT + 1.5l HA					
13.08.	0,8	0,82	6,22	6,2							
14.08.	0,95	0,9	1,36	7,25							
17.08.	0,96	0,92	7,78	7,94							
18.08.						RV: + 1.4l A					
19.08.	0,54	0,91	5,22	7		+ 10000l BioV-Wasser + 5kg EPT + 1.5l HA					
21.08.	0,95	0,99	6,96	6,98							
25.08.	0,96	0,96	7,77	7,54		+1,2l PS					
25.08.			6,62	6,51							
26.08.	0,76	1	7,11	7,17		+7000l BioV-Wasser + 3kg EPT + 1,7kg KS + 6g Zn	neu jeweils 1kg Kalisulfat pro 10'000l. Kein Halades mehr! Keine PS mehr!				
27.08.	0,93	1,03	6,96	7,25							
28.08.	0,96	1,02	7,25	7,46							
31.08.	1	0,99	7,49	7,19		+ je 1kg Zitronensäure RV + RH					
											
10.09.											
11.09.											
16.09.	1,36	1,34	8,04	8,02							
16.09.	1,29	1,29	8,11	8,21	5,6	RV (ca. 5000l) + 1l H2S04 RH(ca.7000l) + 1l H2SO4					
17.09.	1,35	1,31	8,07	8,08	6	RV (ca. 5000l) + 1l H2S04 RH(ca.7000l) + 1l H2SO4					
17.09.			7,57	7,69	6,2	RV (ca. 5000l) + 1l H2S04 RH(ca.7000l) + 1l H2SO4					
17.09.			7,22	7,28	5,9	RV (ca. 5000l) + 5l MKBoden, RH (ca. 7000l) + 10l MKBoden					
17.09.			7,35	7,53	5,1	RV (ca. 5000l) + 1l H2S04 RH(ca.7000l) + 1l H2SO4					
17.09.			7,3	7,38							
